production_budget_usd,worldwide_gross_usd
400000000,2797800564
379000000,1045713802
365000000,1395316979
306000000,2065478084
300000000,2044540523
300000000,960996492
300000000,655945209
300000000,879500760
275000000,1072944222
275000000,393151347
263700000,282778100
263000000,872395091
260000000,1654381934
260000000,585574317
258000000,894860230
250000000,1151918521
250000000,930673167
250000000,960238087
250000000,943328905
250000000,1236703796
237000000,2845899541
232000000,391081192
230000000,1082228107
230000000,794861794
230000000,591692078
225000000,1515100211
225000000,1066179725
225000000,667999518
225000000,417341288
225000000,260002115
220000000,757890267
220000000,313477717
217000000,602893340
215000000,1669979967
215000000,654213485
210000000,836519699
210000000,1104054072
210000000,459260946
210000000,322459006
207000000,550517357
205000000,367262558
205000000,361963200
200000000,1336494321
200000000,2207986545
200000000,1332539889
200000000,1242805359
200000000,1055135598
200000000,1025006125
200000000,1073080329
200000000,1068879522
200000000,1215392272
200000000,869113101
200000000,794697557
200000000,1025491110
200000000,1110526981
200000000,1017003568
200000000,743455810
200000000,490359051
200000000,747862775
200000000,708996336
200000000,560155383
200000000,760372404
200000000,399866199
200000000,757677748
200000000,651280475
200000000,365491792
200000000,219535492
200000000,336359676
200000000,246356895
200000000,127912438
200000000,165960030
195000000,1123794079
195000000,409953905
195000000,197687603
190000000,1517179709
190000000,467381584
190000000,531514650
190000000,353640419
180000000,180047784
180000000,215098356
179000000,181982519
178000000,787176729
178000000,542537546
178000000,527370715
178000000,367028980
175000000,1129727388
175000000,953554418
175000000,855038387
175000000,880166350
175000000,746846894
175000000,731463377
175000000,798237597
175000000,529290830
175000000,381687380
175000000,383541369
175000000,302469017
175000000,221229335
175000000,405760225
175000000,174131329
175000000,264246220
175000000,251402490
175000000,139630336
175000000,151716815
170000000,1308334005
170000000,770882395
170000000,621156389
170000000,714401889
170000000,710644566
170000000,312719437
170000000,401021746
170000000,433058296
170000000,300150546
170000000,353166307
170000000,383299915
170000000,206627518
170000000,401900040
170000000,276928112
165000000,756244673
165000000,676354481
165000000,649683252
165000000,494870992
165000000,496511521
165000000,652190396
165000000,384169424
163000000,176038324
160000000,1255080655
160000000,1131219645
160000000,1143758700
160000000,807330936
160000000,728582465
160000000,648986787
160000000,789300444
160000000,529076069
160000000,355408305
160000000,329631958
160000000,217986320
160000000,181674817
160000000,438899824
156000000,122603824
155000000,418186950
155000000,415590000
155000000,432150894
155000000,290930148
155000000,167297191
152000000,489592267
151500000,449239853
151000000,708272592
150000000,1447244586
150000000,818058221
150000000,1267646247
150000000,1005954958
150000000,940743940
150000000,891320084
150000000,738576929
150000000,585532684
150000000,636155760
150000000,319713881
150000000,287594577
150000000,292817841
150000000,328015029
150000000,305270083
150000000,195080579
150000000,238202668
150000000,205440387
150000000,142634358
150000000,334486852
150000000,151525973
150000000,39549758
149000000,179357126
145000000,746921271
145000000,694713230
145000000,614586270
145000000,448191819
145000000,269806430
145000000,306900902
145000000,121645390
144000000,229008658
142000000,431942139
140000000,654310819
140000000,386839614
140000000,554600000
140000000,441767803
140000000,370569776
140000000,521170825
140000000,285400000
140000000,375740705
140000000,456810575
140000000,203018919
140000000,268314513
140000000,199646680
140000000,166623705
140000000,138836756
139000000,821706375
138000000,186976250
138000000,76416746
137500000,265573859
137000000,245031679
137000000,85131830
136200000,829724737
135000000,573068425
135000000,532938302
135000000,361730660
135000000,245724600
135000000,212912137
135000000,286896578
135000000,245328374
135000000,157956466
135000000,164920076
132900000,170024300
132000000,606836535
132000000,366942531
130000000,864868047
130000000,789961033
130000000,444043396
130000000,623144660
130000000,631910531
130000000,518858449
130000000,385997896
130000000,348901032
130000000,554987477
130000000,321887208
130000000,273271982
130000000,492846291
130000000,290650494
130000000,352831065
130000000,373993951
130000000,251499665
130000000,215080810
130000000,79076678
129000000,522587135
127500000,689420051
127500000,356148063
127000000,614202315
125000000,107360936
125000000,211856088
125000000,240759682
125000000,61642798
125000000,61698899
123000000,345445403
120000000,549588516
120000000,328711434
120000000,416168316
120000000,289480691
120000000,619310368
120000000,229545589
120000000,427947217
120000000,227163273
120000000,286192091
120000000,287916633
120000000,142531552
120000000,166000000
120000000,242981799
120000000,107212751
120000000,167849187
120000000,93394462
120000000,163018913
120000000,49628177
117000000,258751370
116000000,853530899
115000000,1027044677
115000000,848998877
115000000,656695615
115000000,560483719
115000000,416456852
115000000,178200000
115000000,165149302
115000000,77628265
113500000,132999811
112000000,232017848
111000000,289838913
110000000,786455570
110000000,689742192
110000000,579446407
110000000,486124090
110000000,456258539
110000000,563749323
110000000,382288147
110000000,295075882
110000000,362989076
110000000,339504276
110000000,215300000
110000000,330780051
110000000,208370892
110000000,302239672
110000000,229155503
110000000,295986876
110000000,263880341
110000000,253020464
110000000,177241171
110000000,348547523
110000000,172022517
110000000,152364370
110000000,127983283
110000000,76482461
110000000,150468000
110000000,218674938
110000000,167910690
110000000,72004159
109000000,133818283
109000000,87683966
108000000,655194200
106000000,119266661
105000000,348629585
105000000,298815224
105000000,270997378
105000000,269065678
105000000,402156682
105000000,10364769
104000000,408803696
103300000,232643008
103000000,457683805
103000000,362000072
103000000,133401882
100000000,234400000
100000000,325500000
100000000,169630573
100000000,311979256
100000000,99123656
100000000,249488115
100000000,243388614
100000000,278731369
100000000,212026975
100000000,165139629
100000000,96150482
100000000,145395745
100000000,171377916
100000000,126151409
100000000,139716717
100000000,121100000
100000000,69548641
100000000,95255485
100000000,115112118
100000000,82078046
100000000,209461378
100000000,91800000
100000000,97523020
100000000,220796009
100000000,126704591
100000000,75486351
100000000,89693309
100000000,103039258
100000000,59918422
100000000,85480271
100000000,19548278
100000000,7094995
100000000,98227017
99000000,250091610
99000000,190131036
99000000,85210012
98000000,435040395
97600000,224418748
97000000,183124621
97000000,238521247
95000000,534551353
95000000,879765137
95000000,159691085
95000000,294680778
95000000,223050874
95000000,104907746
95000000,165720921
95000000,263898761
95000000,65700000
95000000,94894448
95000000,91669648
95000000,108874967
94000000,936094852
94000000,1120224046
94000000,919148764
94000000,273330185
94000000,404561724
93000000,891276824
93000000,365900000
93000000,470986200
92500000,162839667
92000000,631441092
92000000,304249198
92000000,23911362
92000000,18517322
91000000,187861183
90000000,961812351
90000000,587790539
90000000,511358276
90000000,347425832
90000000,498438212
90000000,424536881
90000000,886686817
90000000,375703700
90000000,288693989
90000000,304978999
90000000,487519809
90000000,377312380
90000000,289660619
90000000,169400000
90000000,106000000
90000000,273477501
90000000,87420776
90000000,203653524
90000000,120100000
90000000,140900000
90000000,65716126
90000000,63356133
90000000,139877913
90000000,10551417
90000000,20466016
88000000,495700000
88000000,105021488
88000000,159487563
87500000,333132750
87000000,350100280
86000000,148715342
85000000,427230516
85000000,385000317
85000000,450728529
85000000,311001124
85000000,315268353
85000000,359347833
85000000,299477886
85000000,276014965
85000000,378659142
85000000,363664533
85000000,340384141
85000000,207884401
85000000,185708462
85000000,311744465
85000000,224614744
85000000,250649836
85000000,191932158
85000000,150422946
85000000,66941559
85000000,173613482
85000000,205190324
85000000,157794205
85000000,161510853
85000000,96971293
85000000,137298489
85000000,80831893
85000000,148947564
85000000,345033359
85000000,44650003
85000000,113026383
85000000,78353508
85000000,78948765
85000000,113487912
85000000,83080084
85000000,48762793
85000000,74120792
85000000,35681080
84000000,435903708
84000000,276294164
84000000,166307945
84000000,141507355
82500000,237685089
82500000,143985708
82500000,222640812
82500000,160388063
82000000,191558505
82000000,268268174
82000000,201852140
82000000,96024898
81000000,484468608
80000000,677923379
80000000,586764305
80000000,457697994
80000000,310570560
80000000,469500298
80000000,266824291
80000000,446272835
80000000,416385488
80000000,343397247
80000000,245800000
80000000,250180384
80000000,210315681
80000000,213682073
80000000,158926474
80000000,170805525
80000000,237370350
80000000,142783718
80000000,164800000
80000000,106515310
80000000,147080413
80000000,69618634
80000000,136047317
80000000,96135872
80000000,181038616
80000000,131159306
80000000,100378271
80000000,98983590
80000000,71485043
80000000,50632037
80000000,135432019
80000000,141475336
80000000,58270391
80000000,119668350
80000000,98341932
80000000,105299638
80000000,101371017
80000000,99010667
80000000,123368842
80000000,66554547
80000000,158908290
80000000,130818912
80000000,108469033
80000000,29725663
80000000,54540662
80000000,56984219
80000000,26703184
80000000,86787530
80000000,69131860
80000000,20841123
80000000,33463969
80000000,113325743
80000000,40147042
80000000,6300451
79300000,986214868
79000000,318146162
79000000,150519217
78000000,317668058
78000000,274392649
78000000,206455420
78000000,108086731
78000000,179265204
78000000,43957541
77500000,102028919
77000000,190376181
76000000,975216835
76000000,236410607
76000000,69845011
76000000,35129610
75000000,885302500
75000000,817400878
75000000,514602427
75000000,632483611
75000000,1032596894
75000000,618638999
75000000,651899282
75000000,556559566
75000000,272223000
75000000,371741123
75000000,296872367
75000000,342416460
75000000,336069511
75000000,196320329
75000000,392879661
75000000,202822861
75000000,342769200
75000000,155708695
75000000,197504758
75000000,77636443
75000000,219519367
75000000,50409753
75000000,36751979
75000000,34009180
75000000,14623082
75000000,30626690
75000000,5409517
75000000,16286699
74000000,1159631140
74000000,311013181
73243106,248099143
73000000,162870525
73000000,352327887
73000000,103891409
73000000,50168294
72500000,527071022
72500000,109362966
72500000,71880305
72500000,86802457
72000000,176101721
72000000,209045244
72000000,96947540
72000000,54616869
72000000,37306334
72000000,62176754
71682975,257641634
71500000,294156605
70702619,408250578
70000000,935253978
70000000,461630558
70000000,443483213
70000000,469566806
70000000,351500000
70000000,310138178
70000000,267200000
70000000,297718711
70000000,308700000
70000000,316915264
70000000,300854823
70000000,239813888
70000000,207154748
70000000,175807183
70000000,207068340
70000000,202726605
70000000,250700000
70000000,172878928
70000000,213463976
70000000,172543519
70000000,156815529
70000000,114658262
70000000,158702748
70000000,183353431
70000000,117800000
70000000,123954323
70000000,131011757
70000000,160379930
70000000,122737201
70000000,220241723
70000000,94973540
70000000,54243441
70000000,137431619
70000000,70546865
70000000,88933562
70000000,116625798
70000000,137022245
70000000,61031932
70000000,131445884
70000000,49730854
70000000,69792704
70000000,60279822
70000000,69157016
70000000,58757178
70000000,49252761
70000000,103735965
70000000,65409046
70000000,19870567
70000000,33076815
70000000,25852508
68000000,60265197
68000000,54462971
67500000,350976753
67500000,118556530
67500000,137489730
67000000,44612280
67000000,18115927
67000000,25357771
66000000,211700000
66000000,189176423
66000000,194169619
65000000,485035085
65000000,374105123
65000000,273346281
65000000,386116343
65000000,335802271
65000000,465377200
65000000,527103195
65000000,438420442
65000000,172825854
65000000,261400000
65000000,250800000
65000000,163527824
65000000,232585748
65000000,211739043
65000000,128107642
65000000,262758310
65000000,233700000
65000000,128874043
65000000,139829625
65000000,255000000
65000000,137768975
65000000,148345997
65000000,163295654
65000000,69688384
65000000,141205169
65000000,180148897
65000000,163307397
65000000,104264617
65000000,156974557
65000000,168065700
65000000,131353165
65000000,48164150
65000000,43545364
65000000,221297061
65000000,240647629
65000000,152012772
65000000,39017984
65000000,100820947
65000000,72516819
65000000,33447612
65000000,62761005
65000000,58545540
65000000,38253433
65000000,56824633
65000000,41636243
65000000,74575290
65000000,39194264
65000000,17218916
65000000,40650842
65000000,21774432
65000000,10014234
65000000,26670920
65000000,122519874
64000000,101636047
64000000,63200000
63700000,133603463
63000000,1045573035
63000000,296338663
63000000,188494082
63000000,68310140
63000000,25052000
62000000,207500000
62000000,127630030
62000000,107822813
62000000,152616451
62000000,40159017
62000000,18708848
60000000,149705852
60000000,218613188
60000000,217602967
60000000,200700000
60000000,199043309
60000000,152457863
60000000,165890634
60000000,196439693
60000000,170200225
60000000,157670733
60000000,135015330
60000000,206598789
60000000,217370736
60000000,130968579
60000000,124715863
60000000,137551594
60000000,100230832
60000000,186883563
60000000,126037057
60000000,102332848
60000000,165048228
60000000,252091016
60000000,90558582
60000000,162778384
60000000,195194085
60000000,71719931
60000000,87123569
60000000,129832389
60000000,99823958
60000000,159946489
60000000,175863783
60000000,57833603
60000000,56709981
60000000,101134059
60000000,108119662
60000000,159356941
60000000,98819789
60000000,100645801
60000000,90482317
60000000,111898741
60000000,113461527
60000000,104429625
60000000,131377412
60000000,104324083
60000000,101292343
60000000,70893782
60000000,160700000
60000000,95538560
60000000,68336997
60000000,104100903
60000000,197578586
60000000,105703325
60000000,57604723
60000000,82812456
60000000,67312826
60000000,82150183
60000000,108996113
60000000,81079566
60000000,78481410
60000000,124514011
60000000,88832210
60000000,36850101
60000000,78080697
60000000,47818913
60000000,121327628
60000000,33956608
60000000,32983332
60000000,47371191
60000000,62599159
60000000,54994757
60000000,38522450
60000000,75965567
60000000,39235486
60000000,30317425
60000000,84154026
60000000,147985373
60000000,71073932
60000000,26673953
60000000,80767884
60000000,49473093
59000000,87527651
59000000,28296983
58000000,784157111
58000000,547326372
58000000,158893300
58000000,188715611
58000000,87100000
58000000,50365498
58000000,100687083
58000000,93672764
58000000,59431365
58000000,41348628
58000000,100929666
58000000,80480566
58000000,31627370
57500000,415247258
57500000,295874190
57500000,58879681
57000000,153007424
57000000,149217355
57000000,104364680
57000000,38329114
57000000,62097495
56200000,212721142
56000000,195484552
56000000,198006880
56000000,47856383
56000000,359295591
55000000,1072507517
55000000,679838260
55000000,362605033
55000000,893423212
55000000,366784257
55000000,330425040
55000000,307311093
55000000,347100000
55000000,300200000
55000000,273814019
55000000,381367046
55000000,220648184
55000000,174463257
55000000,232354205
55000000,351767147
55000000,192903624
55000000,371985018
55000000,282300000
55000000,152269033
55000000,163838217
55000000,159387195
55000000,214392904
55000000,212200000
55000000,198750909
55000000,252780166
55000000,87473024
55000000,196565669
55000000,176469428
55000000,189624452
55000000,98699769
55000000,153535982
55000000,63408614
55000000,149022650
55000000,71189835
55000000,122079192
55000000,110387072
55000000,158500000
55000000,129075270
55000000,153770052
55000000,79312301
55000000,151947179
55000000,77548122
55000000,70692101
55000000,90552675
55000000,38564422
55000000,113805580
55000000,67130045
55000000,47213095
55000000,34105207
55000000,63537164
55000000,43980363
55000000,43070915
54000000,66772386
54000000,50719373
54000000,7126002
53012938,107190108
53000000,109848461
53000000,131159781
53000000,98837872
53000000,139801096
53000000,179199536
53000000,54207112
53000000,63657941
53000000,50187789
53000000,22852487
52500000,134612435
52000000,355612291
52000000,603604074
52000000,205727307
52000000,217569328
52000000,110400000
52000000,75997067
52000000,97709034
52000000,47407635
52000000,53139168
52000000,26922492
51000000,149270999
51000000,118583844
51000000,99624873
51000000,46815807
50200000,126931325
50000000,687557727
50000000,491812794
50000000,556016627
50000000,331333876
50000000,390500000
50000000,273552592
50000000,241504989
50000000,314111923
50000000,202173000
50000000,217194805
50000000,172246223
50000000,257972745
50000000,171269535
50000000,257805243
50000000,213591522
50000000,347015047
50000000,178503788
50000000,223564608
50000000,173453994
50000000,225990976
50000000,222383055
50000000,159745279
50000000,238059569
50000000,128402901
50000000,185798265
50000000,216564840
50000000,147142328
50000000,179769457
50000000,161626121
50000000,152022333
50000000,186450317
50000000,161941727
50000000,118729073
50000000,111300835
50000000,208094550
50000000,96469187
50000000,130214162
50000000,190023573
50000000,105103784
50000000,117211892
50000000,144110682
50000000,88316835
50000000,156399644
50000000,71052604
50000000,236799211
50000000,214949716
50000000,146195159
50000000,104488383
50000000,69411370
50000000,119114494
50000000,263894551
50000000,39778599
50000000,69425966
50000000,38590458
50000000,62209892
50000000,49842431
50000000,59596747
50000000,46112640
50000000,34645374
50000000,89895930
50000000,113309743
50000000,108660270
50000000,56643267
50000000,83306268
50000000,36976336
50000000,55348693
50000000,52987754
50000000,80583311
50000000,27100030
50000000,64477051
50000000,42598498
50000000,71561644
50000000,26199517
50000000,53850527
50000000,25426861
50000000,40119848
50000000,56890649
50000000,34806726
50000000,31333917
50000000,53956480
50000000,26121638
50000000,35380918
50000000,41642166
50000000,23237252
50000000,42002029
50000000,22099706
50000000,28920188
50000000,60282876
50000000,41982227
50000000,56077088
50000000,16581575
50000000,14271297
50000000,26097497
50000000,41042583
50000000,10561038
50000000,10359006
50000000,23574057
50000000,9812870
50000000,12660287
50000000,8374062
50000000,45285890
50000000,37472651
50000000,6626115
50000000,6291602
50000000,727714822
50000000,9693851
50000000,5983043
50000000,8004221
50000000,1250617
50000000,26387039
50000000,15505922
49000000,117419117
49000000,72689126
49000000,105002056
49000000,20423389
49000000,71004627
48000000,474171806
48000000,248218486
48000000,208300000
48000000,196308367
48000000,327656424
48000000,122266018
48000000,124304264
48000000,119736188
48000000,151463090
48000000,107752036
48000000,112610386
48000000,86607223
48000000,71171825
46000000,298923419
46000000,160648493
46000000,150000000
46000000,113622499
46000000,113402302
46000000,100833145
46000000,4408636
45500000,36180824
45000000,302710615
45000000,363095319
45000000,377807404
45000000,358500000
45000000,155200000
45000000,213420951
45000000,185736412
45000000,243180937
45000000,187995859
45000000,122071435
45000000,174807445
45000000,117615211
45000000,160971922
45000000,178100000
45000000,155931301
45000000,104505362
45000000,174278214
45000000,90523726
45000000,141189101
45000000,131237688
45000000,76665507
45000000,135808837
45000000,66790248
45000000,136998907
45000000,113417762
45000000,68406338
45000000,113916474
45000000,246821053
45000000,58617334
45000000,170362581
45000000,115097874
45000000,75854588
45000000,72359917
45000000,55842724
45000000,102746214
45000000,149871103
45000000,48563556
45000000,82513490
45000000,94215000
45000000,127990741
45000000,57697426
45000000,43343247
45000000,65595141
45000000,35627222
45000000,61453420
45000000,71856239
45000000,49610898
45000000,161735791
45000000,27449336
45000000,59551283
45000000,29367143
45000000,79604820
45000000,70216497
45000000,43100570
45000000,112006296
45000000,36404841
45000000,28363146
45000000,20133326
45000000,29406132
45000000,32952995
45000000,17220599
45000000,17492014
45000000,65532491
45000000,18120267
45000000,46598133
45000000,34668249
45000000,41467606
45000000,21544732
45000000,11203026
45000000,13086137
45000000,37321081
45000000,164640401
43000000,63078756
43000000,34983342
43000000,46414530
42500000,76347393
42000000,270340892
42000000,202812429
42000000,363718196
42000000,218786590
42000000,227793915
42000000,173044410
42000000,131052444
42000000,138708527
42000000,71000000
42000000,57852177
42000000,73239258
42000000,63781100
42000000,41267469
42000000,91678442
42000000,56438555
42000000,156167015
42000000,41926605
42000000,36197221
42000000,56331864
42000000,60437727
42000000,20844907
42000000,66787173
42000000,49621440
42000000,8514325
42000000,4408420
42000000,18821576
41000000,245768384
41000000,192137020
41000000,100622586
41000000,22108977
41000000,7684524
40000000,672806292
40000000,283218368
40000000,351774938
40000000,325674995
40000000,570794950
40000000,312604801
40000000,314709717
40000000,257858943
40000000,190212113
40000000,457507776
40000000,149804632
40000000,331971881
40000000,177835231
40000000,167851995
40000000,152266007
40000000,132440066
40000000,310399793
40000000,224922135
40000000,131516178
40000000,181053657
40000000,171317271
40000000,124827316
40000000,178710620
40000000,111711453
40000000,161838076
40000000,244087268
40000000,152962083
40000000,156553592
40000000,195111193
40000000,215862692
40000000,120455994
40000000,128792135
40000000,197115710
40000000,75505856
40000000,124823094
40000000,158527918
40000000,162498338
40000000,150886329
40000000,92302502
40000000,70836296
40000000,205400000
40000000,137047376
40000000,133365452
40000000,55249159
40000000,191200000
40000000,121032272
40000000,146196885
40000000,49851591
40000000,92110539
40000000,92256918
40000000,65282732
40000000,106548738
40000000,45916769
40000000,44948240
40000000,58250151
40000000,86778557
40000000,155011165
40000000,75984700
40000000,50071069
40000000,128884494
40000000,103429755
40000000,126069509
40000000,95989590
40000000,38087756
40000000,90717684
40000000,101162106
40000000,41294674
40000000,72295262
40000000,96398826
40000000,118509836
40000000,51867723
40000000,34420595
40000000,53864342
40000000,77303614
40000000,55696705
40000000,47787943
40000000,49686263
40000000,52837989
40000000,55247881
40000000,31835600
40000000,112930957
40000000,59795070
40000000,46666955
40000000,53624424
40000000,40390931
40000000,69817991
40000000,40435694
40000000,31670620
40000000,28544120
40000000,57438389
40000000,27682712
40000000,27053815
40000000,314101190
40000000,78269970
40000000,31192425
40000000,65754228
40000000,62226214
40000000,91126600
40000000,24172899
40000000,38172500
40000000,22505932
40000000,22365133
40000000,125729635
40000000,46176322
40000000,47001091
40000000,27506412
40000000,37750754
40000000,20278055
40000000,25268680
40000000,169590606
40000000,20790486
40000000,26033563
40000000,60862471
40000000,29312121
40000000,19417182
40000000,14942422
40000000,28804426
40000000,14448589
40000000,14375181
40000000,14358033
40000000,19756077
40000000,39753957
40000000,21156715
40000000,30230402
40000000,6341825
40000000,915840
40000000,7729552
40000000,20722450
40000000,119627047
40000000,463730
40000000,79123
39000000,102332135
39000000,80200000
39000000,69538833
39000000,81150788
39000000,37956589
39000000,40319440
39000000,26796824
39000000,6429865
38600000,57987299
38000000,206458372
38000000,182365114
38000000,205298907
38000000,119721296
38000000,120000000
38000000,126422949
38000000,107650646
38000000,61894591
38000000,117425156
38000000,116809717
38000000,105887837
38000000,73956241
38000000,94763758
38000000,57753825
38000000,50970660
38000000,111336398
38000000,49678401
38000000,98230839
38000000,29544532
38000000,24515990
38000000,39178189
38000000,39877788
38000000,58394308
38000000,24555177
38000000,17378193
38000000,27573078
38000000,19317765
38000000,12668325
38000000,15779653
38000000,10229300
38000000,17831558
38000000,6504442
38000000,14636067
38000000,623374
37500000,125818440
37500000,88473016
37500000,50879131
37500000,9813309
37000000,402280159
37000000,267816276
37000000,173567581
37000000,152566881
37000000,96068724
37000000,117378084
37000000,168167798
37000000,97658712
37000000,53143144
37000000,101857425
37000000,100003780
37000000,55909910
37000000,97143987
37000000,67029956
35200000,38283765
35000000,701083042
35000000,465487583
35000000,305705794
35000000,411348924
35000000,312383487
35000000,252276928
35000000,319700000
35000000,245300000
35000000,175361578
35000000,326073155
35000000,212417601
35000000,197692062
35000000,141123897
35000000,114962525
35000000,139000000
35000000,159846429
35000000,218535708
35000000,182291969
35000000,231710008
35000000,122357172
35000000,102115888
35000000,90221182
35000000,126204977
35000000,83109359
35000000,83226569
35000000,117729621
35000000,85911226
35000000,113354449
35000000,65063726
35000000,60376247
35000000,56968169
35000000,146595891
35000000,108757621
35000000,96096018
35000000,53293628
35000000,76346094
35000000,95104304
35000000,48169910
35000000,95713069
35000000,93291478
35000000,71118378
35000000,89102315
35000000,58405313
35000000,70187088
35000000,65303052
35000000,87775050
35000000,103787401
35000000,77392139
35000000,65084116
35000000,46309644
35000000,165103952
35000000,75281179
35000000,84606030
35000000,53425292
35000000,66295121
35000000,45671512
35000000,50363790
35000000,145374099
35000000,116148537
35000000,99423000
35000000,33422806
35000000,33500620
35000000,111854182
35000000,70064800
35000000,68712365
35000000,57897191
35000000,77220596
35000000,81209222
35000000,30307804
35000000,97799865
35000000,52649951
35000000,54768418
35000000,86648359
35000000,27181462
35000000,73026302
35000000,26613620
35000000,35426759
35000000,37066129
35000000,33771965
35000000,63211088
35000000,14471440
35000000,61721826
35000000,13601109
35000000,27805632
35000000,12506188
35000000,24405825
35000000,31878891
35000000,18376443
35000000,10319915
35000000,12254746
35000000,13214051
35000000,61492104
35000000,15461638
35000000,29890402
35000000,10157534
35000000,11559747
35000000,42064105
35000000,28720470
35000000,43164679
35000000,16830252
35000000,6448817
35000000,32717063
35000000,24687524
35000000,4651977
35000000,4496583
35000000,11846010
35000000,2221994
35000000,2000000
35000000,1500000
35000000,1320043
35000000,630779
35000000,17967746
35000000,786532
34800000,62831715
34000000,228104185
34000000,348319861
34000000,63802928
34000000,32014993
34000000,205162666
34000000,38361428
34000000,11263966
34000000,10672566
34000000,14291999
34000000,62582520
33500000,50000000
33000000,236500000
33000000,173559438
33000000,79958599
33000000,75898100
33000000,165552290
33000000,62020814
33000000,54533774
33000000,47267829
33000000,42663460
33000000,37021955
33000000,41495213
33000000,21621188
33000000,8408835
33000000,27610873
33000000,357687
33000000,70958
32500000,475106177
32500000,289632023
32500000,112964875
32500000,48425971
32500000,24159934
32000000,222339732
32000000,152036382
32000000,126539117
32000000,116898028
32000000,99296462
32000000,59450796
32000000,70587268
32000000,4357406
32000000,3588602
32000000,2899970
32000000,6678033
31500000,85915469
31500000,38771262
31000000,97470701
31000000,160558438
31000000,106282604
31000000,210300000
31000000,163503514
31000000,102306500
31000000,53208180
31000000,48791187
31000000,68079671
31000000,30885781
31000000,15826984
31000000,7220490
30250000,115021008
30000000,295212467
30000000,365270951
30000000,238099711
30000000,306770545
30000000,228641283
30000000,286500000
30000000,197618160
30000000,283200000
30000000,200500000
30000000,177025498
30000000,136771683
30000000,212453431
30000000,167791704
30000000,191502246
30000000,212400000
30000000,165334774
30000000,176885658
30000000,181489203
30000000,231928227
30000000,328125643
30000000,156822020
30000000,106030660
30000000,163644662
30000000,142051255
30000000,115937163
30000000,169173206
30000000,160247805
30000000,103284813
30000000,183428327
30000000,74787599
30000000,92494381
30000000,160502573
30000000,170466405
30000000,114834312
30000000,107054484
30000000,122529966
30000000,71172251
30000000,246100000
30000000,133085295
30000000,105173042
30000000,61950770
30000000,95857262
30000000,64170447
30000000,81529000
30000000,115150424
30000000,65121280
30000000,162279328
30000000,150832086
30000000,197593152
30000000,155769678
30000000,114770654
30000000,65859911
30000000,82148538
30000000,83282296
30000000,52880016
30000000,94156456
30000000,70200000
30000000,98345423
30000000,62432423
30000000,51618420
30000000,80276156
30000000,38747385
30000000,41457834
30000000,81613606
30000000,84646831
30000000,38122000
30000000,80588942
30000000,56096200
30000000,51327406
30000000,61449135
30000000,82409520
30000000,123432533
30000000,65390493
30000000,48575965
30000000,102716321
30000000,46438538
30000000,38462071
30000000,66742138
30000000,48559999
30000000,87956618
30000000,33339868
30000000,53296424
30000000,61623819
30000000,30089110
30000000,50145607
30000000,29203383
30000000,28986358
30000000,25947983
30000000,23998226
30000000,26708196
30000000,108957098
30000000,60772856
30000000,96890794
30000000,21827296
30000000,21360215
30000000,67255916
30000000,21709539
30000000,33296659
30000000,21758371
30000000,36040895
30000000,60512680
30000000,19035741
30000000,263502914
30000000,30962112
30000000,23676771
30000000,40520649
30000000,42531076
30000000,35579007
30000000,36722311
30000000,19892205
30000000,28542494
30000000,32955399
30000000,26323969
30000000,16295774
30000000,32262866
30000000,29698671
30000000,27147991
30000000,16873925
30000000,15358583
30000000,21577076
30000000,26184400
30000000,12885574
30000000,48330757
30000000,12017369
30000000,11578022
30000000,44348292
30000000,17865209
30000000,19599974
30000000,23353111
30000000,58228460
30000000,10419084
30000000,17121823
30000000,18535575
30000000,16481405
30000000,32825218
30000000,64352607
30000000,8845575
30000000,7005468
30000000,12868552
30000000,168832
29200000,5466698
29000000,287215196
29000000,187707495
29000000,103113446
29000000,78652207
29000000,168841459
29000000,97413527
29000000,51636504
29000000,45336404
29000000,49046121
29000000,56000339
29000000,54045832
29000000,26567902
29000000,28452945
29000000,24716190
29000000,20146150
29000000,33013805
29000000,10066366
29000000,25899797
28700000,4559569
28500000,15452978
28000000,504050219
28000000,333080271
28000000,202182981
28000000,140886353
28000000,140894685
28000000,139434346
28000000,258210860
28000000,105159085
28000000,127710550
28000000,94050951
28000000,133162752
28000000,95607360
28000000,94500826
28000000,101379287
28000000,64474705
28000000,112914167
28000000,94728529
28000000,103452875
28000000,195300000
28000000,77024944
28000000,71430876
28000000,82119036
28000000,77477297
28000000,97531134
28000000,60780981
28000000,102053581
28000000,44700159
28000000,91943956
28000000,126549607
28000000,41146935
28000000,33000377
28000000,39536029
28000000,31390587
28000000,38959900
28000000,63129909
28000000,55307857
28000000,62108587
28000000,46752858
28000000,73421224
28000000,38159905
28000000,31320293
28000000,30295028
28000000,39134983
28000000,16638300
28000000,8891623
28000000,8434601
28000000,8165213
28000000,8594558
28000000,5686694
28000000,12031443
27000000,31770413
27000000,55495466
27000000,21500213
27000000,21427947
27000000,27257061
27000000,45160110
27000000,28773827
27000000,13174426
27000000,10618813
27000000,10341093
27000000,8723600
27000000,9352089
27000000,5204007
27000000,4485485
27000000,16566235
27000000,2412123
27000000,1545064
27000000,325943
26700000,3871448
26000000,185904750
26000000,160822438
26000000,176276839
26000000,279500000
26000000,202000000
26000000,102404019
26000000,201324422
26000000,65705772
26000000,61308153
26000000,68613992
26000000,96666486
26000000,146850273
26000000,50800000
26000000,81275291
26000000,90396664
26000000,75763814
26000000,63463195
26000000,67647574
26000000,54393687
26000000,38788828
26000000,33200000
26000000,45043870
26000000,41059418
26000000,28703083
26000000,23345113
26000000,16521410
26000000,30601801
26000000,14494770
26000000,13738574
26000000,33667319
26000000,18477736
26000000,18496522
26000000,6416063
26000000,6154172
26000000,1083350
26000000,2923959
26000000,5000
25530000,30593313
25500000,86301599
25100000,28575778
25000000,622313635
25000000,441286003
25000000,412800000
25000000,213120004
25000000,231771716
25000000,274543085
25000000,226941585
25000000,153733800
25000000,410945720
25000000,322197132
25000000,125339088
25000000,180856996
25000000,89476265
25000000,166842739
25000000,114576403
25000000,137984788
25000000,102992536
25000000,123696741
25000000,49042224
25000000,71390601
25000000,58240458
25000000,128745578
25000000,47092936
25000000,66540205
25000000,44942821
25000000,64594061
25000000,44005073
25000000,52568099
25000000,55598481
25000000,97030468
25000000,41076865
25000000,77208711
25000000,60694737
25000000,55443032
25000000,41560117
25000000,40796145
25000000,50738810
25000000,36833473
25000000,39217912
25000000,38351350
25000000,50401502
25000000,37216643
25000000,119923801
25000000,51800758
25000000,59183821
25000000,56434942
25000000,55279608
25000000,38718031
25000000,234981342
25000000,52367022
25000000,50692188
25000000,40286416
25000000,64605762
25000000,70326393
25000000,38749404
25000000,82150642
25000000,29548291
25000000,56042592
25000000,29847480
25000000,28419106
25000000,82917283
25000000,32224624
25000000,39393111
25000000,32223424
25000000,25732334
25000000,39126427
25000000,29863840
25000000,32831707
25000000,40686409
25000000,22032635
25000000,41921590
25000000,22411948
25000000,38993548
25000000,101850986
25000000,18877153
25000000,23190292
25000000,24591031
25000000,20718223
25000000,21038441
25000000,22910563
25000000,30850666
25000000,71009334
25000000,21970831
25000000,47020146
25000000,16118077
25000000,19233280
25000000,23506237
25000000,36682170
25000000,15468266
25000000,34356760
25000000,24355762
25000000,16727470
25000000,31635150
25000000,43530281
25000000,51702929
25000000,13973532
25000000,14371564
25000000,29206732
25000000,13314562
25000000,7164995
25000000,9363210
25000000,5778353
25000000,5654777
25000000,5516708
25000000,18991288
25000000,12850033
25000000,4064333
25000000,4049527
25000000,6266609
25000000,20052958
25000000,3823620
25000000,38112154
25000000,6792768
25000000,3711633
25000000,42425450
25000000,12413949
25000000,3771345
25000000,1190003
25000000,2009430
25000000,881745
25000000,1415656
25000000,780326
25000000,9313302
25000000,48530887
25000000,146149
25000000,129115
24200000,10447579
24000000,133000000
24000000,172363301
24000000,200612027
24000000,86737464
24000000,156229050
24000000,70027933
24000000,64282881
24000000,85527867
24000000,62989834
24000000,80812424
24000000,83531958
24000000,41798224
24000000,40020622
24000000,99135571
24000000,33208099
24000000,32662299
24000000,67348218
24000000,36856306
24000000,29823162
24000000,48308749
24000000,27732366
24000000,83660160
24000000,35792945
24000000,22099847
24000000,22000000
24000000,17589829
24000000,16304786
24000000,12372410
24000000,19303058
24000000,24474463
24000000,8427204
24000000,11723620
24000000,8292914
24000000,237814327
24000000,4356126
24000000,3777061
24000000,669276
24000000,1696765
23600000,102236596
23000000,15728335
23000000,20912065
23000000,14563409
23000000,13019253
23000000,12803305
23000000,12291975
23000000,11778396
23000000,10660147
23000000,7018525
23000000,24489150
23000000,50813834
23000000,2715657
23000000,13593473
23000000,4673377
22700000,38119483
22500000,131263370
22500000,32398681
22500000,31054727
22000000,517600000
22000000,369884651
22000000,190506000
22000000,363391647
22000000,146590987
22000000,80491516
22000000,175516617
22000000,70949793
22000000,55762229
22000000,94270488
22000000,127767889
22000000,95708457
22000000,110521733
22000000,77229695
22000000,92542418
22000000,113876604
22000000,57520063
22000000,41771168
22000000,55616322
22000000,64220196
22000000,33762400
22000000,25842377
22000000,27882226
22000000,45273464
22000000,35609577
22000000,25044057
22000000,51695362
22000000,31013349
22000000,25873142
22000000,19288130
22000000,22861785
22000000,69698495
22000000,15716828
22000000,14307223
22000000,17216955
22000000,13560782
22000000,20034713
22000000,12967012
22000000,15434375
22000000,10696210
22000000,9818792
22000000,6756412
22000000,6047691
22000000,5000000
22000000,9448623
22000000,27238354
22000000,19563579
22000000,4065020
22000000,23134075
21600000,12005968
21600000,791154
21500000,92987651
21500000,24419219
21500000,22331846
21500000,74290305
21000000,236412453
21000000,94523781
21000000,111809732
21000000,52037603
20700000,150472713
20700000,2840417
20500000,69701637
20500000,30241435
20000000,367452079
20000000,438656843
20000000,256091919
20000000,358994850
20000000,340800479
20000000,276665036
20000000,445968842
20000000,317793763
20000000,164675402
20000000,312755215
20000000,275726716
20000000,183097323
20000000,171685793
20000000,180485601
20000000,246999039
20000000,208900376
20000000,154218168
20000000,96407655
20000000,111173598
20000000,98114471
20000000,175507800
20000000,131944672
20000000,118537627
20000000,78222753
20000000,153698625
20000000,74781999
20000000,73206343
20000000,122133227
20000000,111448997
20000000,73964713
20000000,71232214
20000000,66950887
20000000,92678948
20000000,60831067
20000000,229375361
20000000,96908458
20000000,180790756
20000000,56398875
20000000,208265198
20000000,69911903
20000000,54404202
20000000,53980220
20000000,97628717
20000000,66776576
20000000,50008143
20000000,49823037
20000000,85146165
20000000,109862682
20000000,139924202
20000000,81461343
20000000,47879572
20000000,67192859
20000000,96147688
20000000,91902438
20000000,47911502
20000000,46627836
20000000,43658157
20000000,41975388
20000000,78769428
20000000,62758010
20000000,86858578
20000000,44821299
20000000,70743839
20000000,85583945
20000000,79114085
20000000,37672944
20000000,37540024
20000000,41342180
20000000,46244066
20000000,81424988
20000000,35841901
20000000,67950723
20000000,35450113
20000000,36265745
20000000,26792700
20000000,65457811
20000000,47124638
20000000,25736162
20000000,32838945
20000000,30703845
20000000,48958353
20000000,38883444
20000000,34718173
20000000,38164784
20000000,39686769
20000000,23187506
20000000,30491379
20000000,46844357
20000000,37226218
20000000,21413105
20000000,27688744
20000000,29870801
20000000,20268825
20000000,27911453
20000000,32608019
20000000,28715003
20000000,20081987
20000000,34787111
20000000,20819601
20000000,18826490
20000000,18400000
20000000,56822960
20000000,18310591
20000000,55686944
20000000,17807569
20000000,17612099
20000000,55975672
20000000,22119269
20000000,26308749
20000000,18608570
20000000,102034104
20000000,16988996
20000000,45173738
20000000,20614661
20000000,59667625
20000000,23661038
20000000,74180745
20000000,16612072
20000000,17430594
20000000,15473333
20000000,18250106
20000000,15055091
20000000,19121531
20000000,33943049
20000000,36720752
20000000,30163785
20000000,13801755
20000000,35472739
20000000,36766293
20000000,14566246
20000000,13725032
20000000,13383747
20000000,29958228
20000000,26348203
20000000,25943792
20000000,22281732
20000000,15466961
20000000,12398628
20000000,17306648
20000000,28270399
20000000,11744960
20000000,30894247
20000000,27836366
20000000,10686841
20000000,10570375
20000000,10555348
20000000,34600000
20000000,16907831
20000000,9537120
20000000,9985316
20000000,9208876
20000000,10840632
20000000,9355369
20000000,16723377
20000000,10588079
20000000,14603001
20000000,5031975
20000000,8967531
20000000,4453327
20000000,4504111
20000000,12397613
20000000,25361206
20000000,5531756
20000000,4383538
20000000,3321111
20000000,7023292
20000000,2507181
20000000,150345863
20000000,8359720
20000000,2246000
20000000,2000000
20000000,5313608
20000000,1646664
20000000,5345869
20000000,6093725
20000000,1065907
20000000,8221700
20000000,2282710
20000000,754301
20000000,43888531
20000000,873617
20000000,3727746
20000000,10468867
20000000,375474
20000000,305070
20000000,277943
20000000,47300771
20000000,1167092
20000000,26146072
20000000,5694213
20000000,15824374
19700000,16498827
19500000,195790794
19500000,29393634
19400000,15118795
19100000,5965646
19000000,385510205
19000000,424208805
19000000,277200000
19000000,215448997
19000000,141344255
19000000,58571513
19000000,101564935
19000000,51733921
19000000,70112484
19000000,45604250
19000000,68467960
19000000,65090541
19000000,56445534
19000000,44972183
19000000,32589493
19000000,49858465
19000000,32618920
19000000,76086711
19000000,34359030
19000000,15911332
19000000,13680000
19000000,18100189
19000000,383397782
19000000,10412485
18000000,351620129
18000000,151668774
18000000,141809235
18000000,130714469
18000000,87000000
18000000,144529078
18000000,92935067
18000000,65842412
18000000,92357499
18000000,77147031
18000000,98267558
18000000,92096558
18000000,60278166
18000000,67683989
18000000,73695194
18000000,51973029
18000000,57193655
18000000,47158652
18000000,57490024
18000000,46594261
18000000,103215094
18000000,41382841
18000000,41300105
18000000,43308707
18000000,102912961
18000000,77635035
18000000,62646763
18000000,37048526
18000000,26936265
18000000,41166033
18000000,26828365
18000000,30997027
18000000,26400000
18000000,44263413
18000000,24911670
18000000,27148898
18000000,23380513
18000000,36133014
18000000,80227619
18000000,40651864
18000000,19739000
18000000,60217171
18000000,29934477
18000000,21361109
18000000,30535660
18000000,16959614
18000000,43402515
18000000,23889158
18000000,19685588
18000000,17920013
18000000,16382538
18000000,13747234
18000000,27491653
18000000,13400000
18000000,14189810
18000000,11813989
18000000,16011975
18000000,14451322
18000000,7190505
18000000,6734844
18000000,15696146
18000000,6000000
18000000,5828466
18000000,27147349
18000000,27794339
18000000,5675599
18000000,25941437
18000000,7129670
18000000,23910210
18000000,4100000
18000000,7680250
18000000,7768259
18000000,9082906
18000000,13203044
18000000,2483790
18000000,42137612
18000000,25727044
18000000,1305114
18000000,1199510
18000000,676698
17500000,7454184
17500000,325491
17300000,21132855
17000000,335205231
17000000,207765056
17000000,183300764
17000000,136890774
17000000,125250091
17000000,72071636
17000000,109726800
17000000,72835710
17000000,92670237
17000000,116044347
17000000,55041738
17000000,99041947
17000000,177535958
17000000,133735284
17000000,45707924
17000000,43248374
17000000,42493506
17000000,70355813
17000000,90007532
17000000,95092667
17000000,45312217
17000000,57263440
17000000,30331165
17000000,38028230
17000000,39233233
17000000,26918576
17000000,24719879
17000000,23734486
17000000,21170563
17000000,19693891
17000000,16316273
17000000,15680099
17000000,36700000
17000000,16140842
17000000,11634458
17000000,10000000
17000000,20477425
17000000,16510971
17000000,8607815
17000000,9729088
17000000,10637281
17000000,2694071
17000000,2315000
17000000,8609949
17000000,2110050
17000000,9438074
17000000,7265283
17000000,624531
17000000,364607
17000000,3917679
16800000,7313697
16800000,2281089
16500000,58011485
16500000,43848100
16500000,134993774
16500000,83792062
16500000,39380831
16500000,16154786
16500000,13636339
16400000,239500000
16000000,246400000
16000000,92999400
16000000,119739110
16000000,53977250
16000000,54294169
16000000,68848446
16000000,128256712
16000000,78208812
16000000,40363530
16000000,31943401
16000000,15980376
16000000,14792779
16000000,14125516
16000000,20769209
16000000,14553807
16000000,13854000
16000000,12617472
16000000,11810854
16000000,11540112
16000000,8400000
16000000,12900000
16000000,7171320
16000000,14839383
16000000,6615452
16000000,5825314
16000000,8120148
16000000,8217571
16000000,22594052
16000000,7585011
16000000,1686429
16000000,2814566
16000000,247474497
16000000,35077947
16000000,1685403
16000000,1573603
16000000,1467278
16000000,31631
16000000,94812
15800000,16955673
15700000,63288854
15600000,13771817
15600000,13249756
15500000,88611837
15500000,1757694
15500000,1237615
15500000,517262
15500000,318623
15495600,29729450
15300000,7000000
15250000,12930343
15000000,476684675
15000000,316300000
15000000,356799634
15000000,177200000
15000000,167780960
15000000,430821168
15000000,356258047
15000000,213514672
15000000,216600000
15000000,173046663
15000000,305384865
15000000,160903019
15000000,98800000
15000000,93589701
15000000,227740463
15000000,74456266
15000000,73259017
15000000,108286422
15000000,148095566
15000000,69847348
15000000,67182787
15000000,120192350
15000000,76954311
15000000,61400000
15000000,77514401
15000000,128885873
15000000,55934178
15000000,128955898
15000000,50003303
15000000,50057795
15000000,93411426
15000000,67215435
15000000,52461017
15000000,63706632
15000000,64252038
15000000,47175038
15000000,31045750
15000000,37659652
15000000,30261293
15000000,30138912
15000000,44400000
15000000,33118854
15000000,29145924
15000000,64232714
15000000,31070412
15000000,27709625
15000000,37336874
15000000,47721314
15000000,43111725
15000000,27469621
15000000,34820335
15000000,55669466
15000000,87950928
15000000,63954968
15000000,52189039
15000000,38574362
15000000,47011449
15000000,21896367
15000000,37466538
15000000,20688141
15000000,20704381
15000000,20601987
15000000,19344615
15000000,22165608
15000000,19014238
15000000,46189568
15000000,36068890
15000000,49876984
15000000,18260865
15000000,22018988
15000000,15136870
15000000,15364632
15000000,39238443
15000000,14249005
15000000,59168692
15000000,18524496
15000000,18889972
15000000,13248444
15000000,26170402
15000000,12801190
15000000,24403192
15000000,12669914
15000000,12970401
15000000,18144644
15000000,12419700
15000000,11614954
15000000,11156471
15000000,10763469
15000000,10513979
15000000,10845127
15000000,14811980
15000000,9934482
15000000,9579068
15000000,10951153
15000000,12262065
15000000,19153568
15000000,8921050
15000000,10055481
15000000,8735529
15000000,14933713
15000000,8667209
15000000,9203182
15000000,8224998
15000000,13300181
15000000,34533783
15000000,12394562
15000000,20785973
15000000,13316627
15000000,8767338
15000000,6563402
15000000,35106706
15000000,5217498
15000000,13454474
15000000,4956401
15000000,65167430
15000000,528731
15000000,5953886
15000000,1768976
15000000,240025
15000000,7885048
15000000,7583050
15000000,76382
15000000,1590246
15000000,61847
15000000,1148578
15000000,22723
15000000,22441
14600000,71112677
14500000,123580421
14500000,147542381
14500000,25480031
14400000,159157447
14200000,543306
14000000,432566361
14000000,320100000
14000000,383825427
14000000,139700000
14000000,239606210
14000000,70001698
14000000,155008909
14000000,75525718
14000000,102836002
14000000,82925064
14000000,125212904
14000000,185400000
14000000,49231674
14000000,72571864
14000000,35856053
14000000,35579177
14000000,34729091
14000000,34700000
14000000,87068472
14000000,30628981
14000000,115592104
14000000,27450453
14000000,25608779
14000000,25873145
14000000,25011000
14000000,21410546
14000000,19637147
14000000,30443277
14000000,15565357
14000000,22815460
14000000,15171475
14000000,15064948
14000000,14395874
14000000,13800000
14000000,16951798
14000000,13024170
14000000,13205411
14000000,12826644
14000000,58090525
14000000,20597806
14000000,10397365
14000000,11166615
14000000,6552255
14000000,22754472
14000000,14121177
14000000,12591270
14000000,4741987
14000000,37888043
14000000,5782198
13500000,29027914
13500000,33035736
13500000,11732088
13500000,6118683
13500000,93631744
13500000,892506
13400000,164247
13300000,7229933
13300000,39686345
13200000,54323210
13200000,23053354
13000000,123922370
13000000,331266710
13000000,122244329
13000000,99034125
13000000,137054597
13000000,73798736
13000000,62452927
13000000,95638592
13000000,57300000
13000000,118763442
13000000,53424681
13000000,49369899
13000000,49733545
13000000,50445860
13000000,73180297
13000000,44726644
13000000,54837234
13000000,42174545
13000000,60413950
13000000,28972187
13000000,27979399
13000000,27151490
13000000,27066941
13000000,34166572
13000000,26570048
13000000,42195766
13000000,57189408
13000000,38358392
13000000,32382381
13000000,22391450
13000000,35402802
13000000,18733666
13000000,33069303
13000000,19929123
13000000,16757163
13000000,36311350
13000000,14403891
13000000,67867998
13000000,109421911
13000000,11141213
13000000,10020081
13000000,121778347
13000000,8064972
13000000,42446455
13000000,7881335
13000000,6276869
13000000,5871603
13000000,5002310
13000000,8130727
13000000,5175088
13000000,12616995
13000000,3260555
13000000,13176612
13000000,3058380
13000000,24001573
13000000,2104439
13000000,19910624
13000000,23014027
13000000,14929184
13000000,2898225
13000000,1152117
13000000,2613717
13000000,6459183
13000000,17856688
13000000,1375635
13000000,2394619
13000000,509193
13000000,5453369
12500000,2272186
12500000,1612957
12500000,1412799
12500000,69826708
12500000,3931367
12500000,4027663
12500000,9376444
12500000,1100287
12300000,81972846
12000000,470700000
12000000,428214478
12000000,307166834
12000000,234723148
12000000,113373764
12000000,100916299
12000000,79817937
12000000,95800000
12000000,77063461
12000000,74433837
12000000,107217396
12000000,82497035
12000000,65532576
12000000,110989157
12000000,123681790
12000000,63118386
12000000,62500000
12000000,103028188
12000000,161456746
12000000,149159454
12000000,91244913
12000000,74727492
12000000,39012241
12000000,43353117
12000000,98963392
12000000,37400000
12000000,57000000
12000000,85450484
12000000,41924774
12000000,52223306
12000000,57577765
12000000,31286759
12000000,31222395
12000000,60000000
12000000,43924923
12000000,27972958
12000000,37584304
12000000,56131239
12000000,32700439
12000000,26001741
12000000,22921898
12000000,22750363
12000000,41744718
12000000,22673340
12000000,32909437
12000000,37989240
12000000,22730144
12000000,21867665
12000000,23059379
12000000,21089146
12000000,19000000
12000000,28915761
12000000,22978953
12000000,24761360
12000000,17322212
12000000,17292381
12000000,22750356
12000000,18460739
12000000,88538742
12000000,21398371
12000000,23477345
12000000,14010363
12000000,12905901
12000000,17475475
12000000,44200000
12000000,43153588
12000000,84970337
12000000,16221211
12000000,92863945
12000000,92618117
12000000,2104164
12000000,2062406
12000000,1779284
12000000,12034913
12000000,2975188
12000000,19278598
12000000,1188194
12000000,994790
12000000,1200346
12000000,557545
12000000,477693
12000000,4606284
12000000,1080362
12000000,7203439
12000000,220175
12000000,1513388
12000000,196857
12000000,310946
12000000,178287
12000000,622273
12000000,20122558
12000000,627538
12000000,6553186
12000000,87793
12000000,14616
11900000,24889436
11900000,81897
11900000,49451
11800000,254688898
11800000,42666442
11500000,57469850
11500000,105078449
11400000,29830239
11000000,775398007
11000000,148951992
11000000,112040388
11000000,129262388
11000000,274392880
11000000,81204830
11000000,85278712
11000000,52929168
11000000,78356170
11000000,49793054
11000000,97837138
11000000,46060861
11000000,83088295
11000000,76238901
11000000,62076141
11000000,39994347
11000000,44998252
11000000,58586407
11000000,31672000
11000000,53797409
11000000,69752402
11000000,25116103
11000000,41503089
11000000,21171695
11000000,20388920
11000000,20169934
11000000,56178935
11000000,14786394
11000000,13719474
11000000,13558739
11000000,32943247
11000000,19947280
11000000,21502976
11000000,17443529
11000000,9307166
11000000,9170214
10800000,118209778
10800000,484857330
10800000,2862544
10750000,32575443
10700000,121706019
10700000,184701598
10700000,31341183
10600000,34409206
10600000,261364
10500000,792962972
10500000,71863512
10500000,14140402
10500000,125169
10400000,1610194
10350000,174201661
10100000,10143618
10100000,18726300
10100000,1066555
10000000,255397089
10000000,225925989
10000000,187281115
10000000,158973685
10000000,85300000
10000000,163876815
10000000,118514727
10000000,91328463
10000000,90453550
10000000,172811971
10000000,63465522
10000000,135759694
10000000,63320521
10000000,92094360
10000000,52293000
10000000,120453155
10000000,50752337
10000000,78944998
10000000,68722848
10000000,134639780
10000000,81263489
10000000,65520633
10000000,40510111
10000000,50100000
10000000,41004412
10000000,104223315
10000000,58939035
10000000,37800000
10000000,37402877
10000000,44451470
10000000,36230219
10000000,36000000
10000000,68220952
10000000,35078864
10000000,61603136
10000000,63354114
10000000,33526835
10000000,89898869
10000000,33000000
10000000,62556228
10000000,32100816
10000000,33886017
10000000,93074616
10000000,43948865
10000000,51945949
10000000,38067218
10000000,83593107
10000000,30050028
10000000,51620593
10000000,30768449
10000000,29500000
10000000,29317886
10000000,68526687
10000000,34084228
10000000,38364855
10000000,54104225
10000000,40749230
10000000,49486874
10000000,25697647
10000000,25358996
10000000,19535005
10000000,16153000
10000000,17033556
10000000,16891011
10000000,28649556
10000000,15198912
10000000,15164492
10000000,15297318
10000000,34240572
10000000,27317872
10000000,40744960
10000000,13684949
10000000,16463241
10000000,18976477
10000000,17300838
10000000,12554569
10000000,44567606
10000000,11924041
10000000,19860259
10000000,11546543
10000000,12179708
10000000,28039038
10000000,10571408
10000000,10268749
10000000,13835130
10000000,26377558
10000000,10019109
10000000,21094974
10000000,9424052
10000000,31164747
10000000,12517379
10000000,8801940
10000000,8629895
10000000,14156753
10000000,7843145
10000000,17503828
10000000,21596074
10000000,8378853
10000000,11766959
10000000,14321070
10000000,11360665
10000000,7862131
10000000,8890094
10000000,8196226
10000000,6719864
10000000,8259753
10000000,6491969
10000000,6199310
10000000,6244618
10000000,33512260
10000000,6000000
10000000,8465845
10000000,7037886
10000000,29062674
10000000,5241315
10000000,15121528
10000000,4710507
10000000,4376820
10000000,4690802
10000000,6601992
10000000,4708127
10000000,9263940
10000000,12382122
10000000,4563080
10000000,5437126
10000000,3411755
10000000,3336053
10000000,3275585
10000000,6030047
10000000,3185717
10000000,5149131
10000000,3000000
10000000,3260179
10000000,2529395
10000000,2678525
10000000,2373937
10000000,11400000
10000000,3623609
10000000,6646669
10000000,3793739
10000000,42776032
10000000,630427
10000000,1165102
10000000,5045359
10000000,244465
10000000,290875
10000000,2151098
10000000,295750
10000000,173472
10000000,355919
10000000,150191
10000000,721108
10000000,248133
10000000,5950002
10000000,241719
10000000,42226657
10000000,126247
10000000,109383
10000000,106460
10000000,723388
10000000,91201
10000000,197901
10000000,47305
10000000,45779
10000000,19716
10000000,161097
10000000,11894
10000000,9069
10000000,1537479
10000000,17704131
10000000,247565
9900000,11310835
9900000,458054
9800000,17553055
9700000,36787044
9600000,6842580
9600000,5256839
9500000,59675307
9500000,111600000
9500000,14114000
9500000,305149461
9500000,5278632
9500000,119955
9400000,60000000
9400000,87226613
9400000,21817298
9300000,19571091
9300000,3080077
9200000,5806666
9200000,4199334
9200000,17155193
9100000,16517708
9000000,278754594
9000000,19096003
9000000,36588512
9000000,13075390
9000000,12512317
9000000,17462398
9000000,11125122
9000000,10176701
9000000,12898064
9000000,10642023
9000000,12657377
9000000,13061935
9000000,5680796
9000000,4934104
9000000,5512151
9000000,4333569
9000000,3438735
9000000,3134509
9000000,3922043
9000000,20395040
9000000,2000093
9000000,5865489
9000000,2548378
9000000,1069318
9000000,4313644
9000000,883887
9000000,461581
9000000,349618
9000000,7704357
9000000,208163
9000000,184255
9000000,148826
9000000,1635241
9000000,85527
9000000,14443
9000000,1242
8900000,22744132
8900000,3324131
8800000,328203506
8600000,32968648
8500000,51048435
8500000,77733867
8500000,47417251
8500000,68695443
8500000,43528634
8500000,50334418
8500000,32396366
8500000,122747755
8500000,29200000
8500000,22885836
8500000,23311293
8500000,15024232
8500000,17202854
8500000,20288774
8500000,10386814
8500000,7573551
8500000,17220091
8500000,4273372
8500000,3180252
8500000,30298347
8500000,198883
8470000,42355526
8400000,6831069
8300000,50827466
8300000,2598224
8300000,25670174
8300000,1353296
8250000,30028983
8200000,286214195
8000000,24474312
8000000,82000000
8000000,22549338
8000000,28876702
8000000,20036244
8000000,18959424
8000000,18090181
8000000,22591451
8000000,25621449
8000000,17394881
8000000,29937909
8000000,67755598
8000000,34270285
8000000,18828036
8000000,16585503
8000000,12740705
8000000,10629320
8000000,10763183
8000000,8864699
8000000,8279017
8000000,9266180
8000000,6632950
8000000,5696391
8000000,5656388
8000000,10192613
8000000,4714090
8000000,7298786
8000000,5706168
8000000,19891331
8000000,20005613
8000000,42376425
8000000,2275557
8000000,2256606
8000000,15752575
8000000,2455027
8000000,15644196
8000000,2476491
8000000,864797
8000000,700261
8000000,3582797
8000000,685780
8000000,590817
8000000,589308
8000000,973443
8000000,458232
8000000,867178
8000000,524747
8000000,10245743
8000000,456814
8000000,433732
8000000,2772511
8000000,146083
8000000,127188
8000000,5314194
8000000,3270974
8000000,2721534
8000000,17382693
8000000,143782
8000000,531139
8000000,3587191
8000000,446438
8000000,2000627
7900000,3129471
7800000,24021282
7700000,882290
7500000,1788324
7500000,38354
7400000,31187727
7400000,9443864
7303082,101173038
7300000,25397187
7300000,12023606
7200000,115999985
7200000,12678312
7200000,295492
7000000,231450102
7000000,268500000
7000000,170549753
7000000,201463574
7000000,85783567
7000000,79700000
7000000,138997923
7000000,92554209
7000000,40940662
7000000,40207064
7000000,38158601
7000000,161800000
7000000,35795319
7000000,47289758
7000000,55617866
7000000,56586901
7000000,49924079
7000000,26533200
7000000,47954473
7000000,57051053
7000000,25532388
7000000,25000000
7000000,36964656
7000000,51204567
7000000,23393939
7000000,97600000
7000000,20257000
7000000,19910002
7000000,19276267
7000000,18190831
7000000,33183642
7000000,20940428
7000000,36146087
7000000,16149180
7000000,14618727
7000000,14231669
7000000,15471229
7000000,17005466
7000000,10803211
7000000,13860078
7000000,30360570
7000000,10828305
7000000,28142379
7000000,8824553
7000000,8373585
7000000,10062896
7000000,7824358
7000000,25269040
7000000,16866928
7000000,5694308
7000000,5430822
7000000,5017971
7000000,4720371
7000000,4372561
7000000,3571624
7000000,7017859
7000000,2667084
7000000,2165637
7000000,2703821
7000000,2852759
7000000,1891936
7000000,17023121
7000000,10765283
7000000,1661464
7000000,1933829
6900000,41410568
6900000,44103982
6900000,7961889
6800000,16038343
6800000,927107
6800000,49526
6800000,9533964
6750000,6812530
6700000,223878
6600000,828
6537890,14319195
6500000,256862920
6500000,70712099
6500000,56215095
6500000,54215416
6500000,42488161
6500000,31899000
6500000,42178964
6500000,24103594
6500000,61294644
6500000,28383441
6500000,18110152
6500000,12376563
6500000,10155691
6500000,6425632
6500000,6568446
6500000,20412841
6500000,11745931
6500000,3027956
6500000,2025032
6500000,1744952
6500000,1038228
6500000,64148
6400000,78019031
6400000,79384539
6400000,3804977
6400000,8902141
6400000,4199874
6250000,20199663
6200000,52302978
6200000,23220079
6200000,9205924
6200000,37339594
6100000,2108367
6000000,387483897
6000000,137978395
6000000,129795554
6000000,221148959
6000000,102310711
6000000,102296454
6000000,51485382
6000000,43700971
6000000,42000000
6000000,39849764
6000000,56797392
6000000,27958191
6000000,46634275
6000000,26051619
6000000,25245925
6000000,25059640
6000000,34449356
6000000,23169837
6000000,24949770
6000000,22168359
6000000,39241323
6000000,20400000
6000000,21290079
6000000,20695413
6000000,8173486
6000000,6216897
6000000,8446952
6000000,21197454
6000000,10619770
6000000,6176114
6000000,15137932
6000000,21787233
6000000,4713059
6000000,4398989
6000000,6591365
6000000,7818479
6000000,3485383
6000000,3273588
6000000,3740030
6000000,3456602
6000000,3330012
6000000,2522928
6000000,1418304
6000000,11348205
6000000,1485002
6000000,1290920
6000000,18727440
6000000,773490
6000000,509424
6000000,408159
6000000,391942
6000000,267194
6000000,181798
6000000,13168809
6000000,119452
6000000,117796
6000000,90777
6000000,1673635
6000000,1365108
6000000,4316497
6000000,36497
6000000,437089
6000000,26007
6000000,13722
5952000,2120439
5900000,37831658
5900000,3910861
5800000,33398494
5800000,6800000
5800000,9662214
5800000,421021
5800000,15091
5700000,43044087
5700000,69582
5700000,86051320
5700000,731613
5600000,74566042
5600000,7009668
5600000,3281898
5600000,531806
5600000,14683763
5600000,18527766
5500000,159616327
5500000,61910507
5500000,50458356
5500000,36675932
5500000,41268579
5500000,15700000
5500000,18294883
5500000,12399772
5500000,44077249
5500000,8761608
5500000,5692941
5500000,4865000
5250000,20188740
5250000,786677
5250000,20097
5200000,2000000
5200000,1695126
5200000,11633427
5100000,9709597
5000000,374890034
5000000,252500135
5000000,207039844
5000000,152925093
5000000,161921515
5000000,148806510
5000000,98677816
5000000,125010260
5000000,142817992
5000000,103300632
5000000,61220784
5000000,44793222
5000000,100486616
5000000,58978477
5000000,56868677
5000000,41833347
5000000,36010330
5000000,34872033
5000000,38102988
5000000,64200321
5000000,90904854
5000000,28200000
5000000,44115496
5000000,60611845
5000000,42844516
5000000,26024453
5000000,38359310
5000000,39719431
5000000,25861249
5000000,32144262
5000000,27342246
5000000,23047939
5000000,109252972
5000000,26853810
5000000,41824066
5000000,23551286
5000000,21277770
5000000,20659423
5000000,19438638
5000000,19421271
5000000,23745772
5000000,25032000
5000000,41598366
5000000,17768757
5000000,26517819
5000000,26078500
5000000,17499242
5000000,16017403
5000000,22059211
5000000,15126948
5000000,15000000
5000000,14843425
5000000,19600000
5000000,14343976
5000000,31149251
5000000,19720203
5000000,33649881
5000000,29832586
5000000,15318257
5000000,13099931
5000000,12961389
5000000,12947763
5000000,12592907
5000000,18945682
5000000,12232628
5000000,17329337
5000000,22113075
5000000,11017403
5000000,11016959
5000000,10751126
5000000,10732909
5000000,5288136
5000000,40311842
5000000,10676073
5000000,4816142
5000000,9371036
5000000,4414753
5000000,7951247
5000000,4815890
5000000,15220308
5000000,46263525
5000000,3707583
5000000,4620399
5000000,4267808
5000000,3807503
5000000,3474221
5000000,5438120
5000000,12905107
5000000,2821010
5000000,6656705
5000000,6205034
5000000,2368937
5000000,6858208
5000000,10727536
5000000,2080693
5000000,1526697
5000000,8655397
5000000,1050861
5000000,989319
5000000,851690
5000000,894030
5000000,648183
5000000,407488
5000000,1075009
5000000,353480
5000000,927074
5000000,249204
5000000,2015004
5000000,332120
5000000,5476793
5000000,143273
5000000,143658
5000000,282687
5000000,121016
5000000,99147
5000000,96760
5000000,67505
5000000,861325
5000000,584499
5000000,83356
5000000,8297
5000000,7556
5000000,213164
4900000,12826031
4900000,17536004
4900000,7174984
4900000,23347461
4900000,6924321
4500000,242895809
4500000,47923795
4500000,27092880
4500000,13417292
4500000,25344490
4500000,10609321
4500000,10400000
4500000,18019834
4500000,7011317
4500000,7389233
4500000,3500000
4500000,12247682
4500000,5428387
4500000,1500000
4500000,7510877
4500000,9330465
4500000,713413
4500000,2404639
4500000,1022649
4500000,281447
4500000,23471871
4500000,1217307
4500000,1027760
4500000,4548505
4500000,2481925
4500000,92723
4500000,51957
4500000,32961
4500000,8000366
4500000,11774
4400000,163281275
4400000,36145695
4300000,39374600
4300000,10158355
4300000,9791282
4300000,10212403
4200000,5835247
4200000,33913542
4200000,8078683
4200000,101740
4030000,2542264
4000000,109492484
4000000,87400000
4000000,62546695
4000000,117085297
4000000,38251425
4000000,53401938
4000000,36000000
4000000,49800000
4000000,43766463
4000000,57273049
4000000,21750000
4000000,36275469
4000000,20516795
4000000,21206861
4000000,22373378
4000000,25448707
4000000,15000000
4000000,14400000
4000000,14237880
4000000,13000774
4000000,27786849
4000000,11972798
4000000,11704768
4000000,18332244
4000000,10904495
4000000,40103262
4000000,10097096
4000000,9821335
4000000,1989035
4000000,1919197
4000000,1983596
4000000,973613
4000000,800000
4000000,4230426
4000000,2665322
4000000,563711
4000000,399793
4000000,1158877
4000000,373375
4000000,354704
4000000,302204
4000000,384244
4000000,267972
4000000,185577
4000000,953314
4000000,596335
4000000,4854356
4000000,146402
4000000,797439
4000000,38899792
4000000,120016
4000000,75078
4000000,64359
4000000,34145
4000000,679482
4000000,760678
4000000,17639
4000000,12836
4000000,47552
4000000,978527
4000000,4327
3900000,390525192
3900000,28350000
3900000,9000000
3800000,23689877
3800000,41914
3800000,340930
3800000,14873
3800000,21976
3768785,8000000
3750000,1178175
3750000,8607693
3750000,2089072
3750000,44462
3716946,5000000
3700000,2956000
3700000,13447998
3700000,3355048
3600000,44796329
3600000,320896
3600000,3868
3500000,83453539
3500000,81600000
3500000,261249383
3500000,95292744
3500000,27731527
3500000,3293258
3500000,3415542
3500000,890303
3500000,886410
3500000,2611750
3500000,615816
3500000,5706638
3500000,221096
3500000,182695
3500000,113783
3500000,96793
3500000,29233
3500000,1396395
3500000,9871
3450000,18309793
3400000,133276359
3400000,31063038
3400000,20433227
3400000,4124277
3400000,493905
3400000,11182908
3400000,12636
3300000,39948445
3300000,12405473
3300000,32059295
3300000,5422740
3300000,19875
3250000,20640209
3250000,6965361
3250000,34114067
3250000,7680
3200000,33396740
3200000,18285560
3200000,8000000
3200000,14441158
3200000,14314407
3200000,5526942
3200000,2834485
3200000,690872
3180000,10822901
3100000,71558971
3000000,141600000
3000000,177512032
3000000,73986904
3000000,91266581
3000000,124900000
3000000,87727807
3000000,38236338
3000000,33300000
3000000,32653000
3000000,27274150
3000000,55193251
3000000,27788649
3000000,58240487
3000000,21163999
3000000,21042017
3000000,20123742
3000000,19472057
3000000,19184820
3000000,24600000
3000000,22500687
3000000,17570324
3000000,17489009
3000000,68452128
3000000,15935068
3000000,7301115
3000000,6879730
3000000,7777790
3000000,5732587
3000000,11322573
3000000,4638314
3000000,4417983
3000000,5837111
3000000,30438635
3000000,4142507
3000000,4109095
3000000,11218621
3000000,4566662
3000000,4006061
3000000,3902679
3000000,4002884
3000000,3660880
3000000,3705923
3000000,7445044
3000000,3076820
3000000,2962051
3000000,11537539
3000000,3237452
3000000,5746453
3000000,2503392
3000000,2255000
3000000,1887554
3000000,4495262
3000000,10051516
3000000,1324299
3000000,6226386
3000000,834953
3000000,772366
3000000,533235
3000000,12577401
3000000,5922292
3000000,351416
3000000,421404
3000000,295493
3000000,252726
3000000,242623
3000000,1022453
3000000,223652
3000000,163069
3000000,142356
3000000,133411
3000000,115879
3000000,95204
3000000,78948
3000000,101773
3000000,39852
3000000,483938
3000000,156362
3000000,5073
3000000,4655
2931000,4100000
2900000,263591415
2900000,17006158
2900000,5000000
2900000,3127472
2900000,172867
2686000,6600000
2650000,16556
2627000,5363000
2600000,119500000
2600000,32980880
2600000,15298355
2600000,3305831
2600000,3292333
2600000,564474
2540000,7235585
2500000,50700000
2500000,59922558
2500000,33349941
2500000,32327255
2500000,36028802
2500000,34557416
2500000,25533818
2500000,14400000
2500000,13881317
2500000,12300000
2500000,10000000
2500000,6916951
2500000,6402593
2500000,5691852
2500000,23287379
2500000,4934356
2500000,2013052
2500000,1687548
2500000,1269705
2500000,3838486
2500000,549632
2500000,12267275
2500000,497195
2500000,593933
2500000,174255
2500000,118666
2500000,507446
2500000,100280
2500000,108907
2500000,72260
2500000,1392649
2500000,9598
2450000,182358
2400000,5691854
2400000,1420418
2400000,500296
2380000,8739576
2361000,3500000
2300000,14628921
2300000,11000000
2300000,574838
2300000,59696
2300000,29384
2289247,84300000
2280000,83320832
2250000,36690067
2200000,41158757
2200000,21930418
2200000,388390
2000000,18344729
2000000,18016290
2000000,23236296
2000000,14348020
2000000,13129846
2000000,16610760
2000000,20741000
2000000,81197047
2000000,17187434
2000000,9250000
2000000,9172000
2000000,7800000
2000000,7600000
2000000,7369373
2000000,17400005
2000000,7756617
2000000,16131551
2000000,6049171
2000000,8685632
2000000,11295324
2000000,5941994
2000000,11217346
2000000,20883834
2000000,21087760
2000000,9505996
2000000,15396525
2000000,7799257
2000000,4000000
2000000,9615464
2000000,10153415
2000000,6225304
2000000,10672492
2000000,12388296
2000000,2791973
2000000,3438804
2000000,2469510
2000000,2303792
2000000,13912289
2000000,2077844
2000000,2022893
2000000,2001124
2000000,1985292
2000000,11263263
2000000,1660865
2000000,2419669
2000000,2279959
2000000,1433319
2000000,2088390
2000000,1152411
2000000,2175587
2000000,1869928
2000000,7482387
2000000,1720833
2000000,691880
2000000,1075504
2000000,636706
2000000,539961
2000000,1663296
2000000,466106
2000000,2350641
2000000,304602
2000000,759504
2000000,205298
2000000,134624
2000000,121807
2000000,2226603
2000000,102645
2000000,72544
2000000,72277
2000000,2046090
2000000,76654
2000000,2009644
2000000,37227
2000000,6328516
2000000,35312
2000000,30955
2000000,22836
2000000,21000
2000000,17896
2000000,12667
1987650,21270290
1900000,28317378
1900000,4600000
1900000,5617067
1900000,7785229
1900000,1445140
1900000,478595
1900000,4581937
1900000,740932
1900000,10137234
1900000,139317
1800000,70165900
1800000,25886530
1800000,25504513
1800000,23265132
1800000,9234599
1800000,8800000
1800000,8006845
1800000,6800000
1800000,5849791
1800000,3050934
1800000,842693
1800000,783733
1800000,1322161
1800000,673
1780000,1341064
1750000,22879194
1750000,634803
1750000,1278471
1700000,42137871
1700000,23271741
1700000,9700000
1700000,15517886
1700000,2507159
1700000,2891228
1700000,9696537
1700000,4727375
1700000,661221
1650000,30500000
1644000,4000000
1600000,6026908
1600000,5400000
1600000,4420000
1600000,2595644
1600000,14253760
1600000,419428
1600000,145382
1600000,129319
1600000,2627795
1600000,868081
1600000,3264
1500000,2082980
1500000,2730877
1500000,12412889
1500000,1541131
1500000,922727
1500000,1126258
1500000,510957
1500000,418953
1500000,1840248
1500000,414404
1500000,1703434
1500000,372239
1500000,194568
1500000,184705
1500000,240396
1500000,173066
1500000,1605139
1500000,212209
1500000,139084
1500000,176262
1500000,119841
1500000,113169
1500000,172569
1500000,52429
1500000,31916
1500000,2105
1488000,184925486
1455000,2620000
1400000,4787818
1400000,5179176
1400000,5552584
1400000,1261792
1400000,1945420
1400000,56073
1400000,1632
1350000,28356188
1305000,909000
1300000,5273000
1300000,1649338
1300000,749741
1300000,1005840
1300000,635305
1300000,609042
1300000,288751
1300000,210904
1300000,329621
1300000,90213
1300000,54665
1300000,1738663
1288000,6002370
1250000,21722776
1250000,11000000
1250000,4700000
1250000,5403771
1250000,2940411
1250000,2500000
1200000,103880027
1200000,36741667
1200000,4254
1150000,63777092
1125000,18673274
1125000,414736
1100000,21445820
1100000,29005064
1100000,24051852
1100000,9297407
1100000,1436000
1100000,1355728
1100000,247740
1100000,2751844
1100000,56491
1100000,81371
1100000,2636
1070000,5348767
1039000,10511866
1000000,225000000
1000000,101759490
1000000,37600000
1000000,64364198
1000000,53365925
1000000,26887177
1000000,42411721
1000000,17985000
1000000,59567035
1000000,14575148
1000000,14662703
1000000,15943081
1000000,10037390
1000000,16566240
1000000,16553163
1000000,9000000
1000000,9000000
1000000,16434588
1000000,7800000
1000000,12931420
1000000,9617402
1000000,11495204
1000000,16173879
1000000,5391992
1000000,5797192
1000000,5892466
1000000,4731944
1000000,5839322
1000000,3465703
1000000,3324070
1000000,5438911
1000000,3553253
1000000,6030129
1000000,3575308
1000000,2315026
1000000,2022442
1000000,1849392
1000000,1355079
1000000,1615787
1000000,1492895
1000000,2684207
1000000,1087521
1000000,4013841
1000000,852206
1000000,1471090
1000000,1425707
1000000,1156309
1000000,113433
1000000,101531
1000000,96734
1000000,63014
1000000,1549000
1000000,51587
1000000,43756
1000000,22434
1000000,21210
1000000,17127
1000000,15156
1000000,12996
1000000,11574
1000000,844377
1000000,101053
1000000,26822
1000000,6870
1000000,5494
1000000,3700
1000000,1036
1000000,884
1000000,703
989000,8158
950000,8267066
950000,814666
950000,289789
930000,30905
916000,6188421
910000,9600000
900000,17549645
900000,9097072
900000,11993156
900000,2019874
900000,958978
900000,381420
900000,102812
900000,7396
900000,413733
880000,75636047
858000,268000000
850000,1386088
850000,865708
850000,442638
780000,1310470
777000,140000000
750000,7712436
750000,5520368
750000,4422318
750000,940936
750000,1011535
750000,89609
750000,47329
750000,229250
750000,814801
747000,44566
730000,8000000
700000,11768371
700000,4857731
700000,4911725
700000,1140965
700000,1110511
700000,10508
672000,10000650
658000,23800000
650000,2301777
650000,171962
650000,113279
650000,28176
650000,1447
609000,3202000
600000,248300000
600000,34698275
600000,20000000
600000,4300000
600000,173599
600000,42557
600000,23616
600000,85343
600000,3301
560000,1626784
560000,3709
558000,900000
550000,59754601
550000,5269990
550000,9111
500000,33473297
500000,31559560
500000,55518641
500000,17000000
500000,9387581
500000,9470209
500000,3824868
500000,3177636
500000,2047570
500000,1250798
500000,1131261
500000,1971479
500000,1167524
500000,1111615
500000,1027228
500000,1348750
500000,407100
500000,367582
500000,1822
500000,1778
500000,528
450000,194183034
450000,2712293
450000,4243996
450000,450349
450000,1297745
450000,42503
450000,22623
450000,13486
439000,2281000
430000,2938000
425000,581304
425000,25733825
425000,12604
420000,437002
400000,46122713
400000,5028948
400000,2797199
400000,1600566
400000,655538
400000,1162014
400000,433588
400000,126387
400000,89134
400000,44452
400000,31425
400000,423
379000,4358000
375000,29400000
375000,617172
350000,10000000
350000,4000000
350000,1772979
350000,310891
350000,84689
350000,9118
325000,70274000
325000,2500000
323000,1373407
312000,1788168
300000,7808524
270000,830700
250000,23894000
250000,15155095
250000,4613482
250000,3934450
250000,3809226
250000,3728400
250000,2477155
250000,1157672
250000,1366235
250000,8969065
250000,743216
250000,203134
250000,191862
250000,178095
250000,67665
250000,62375
250000,51540
250000,237816
250000,284174
250000,21147
250000,18823
250000,20628
245000,22000000
240000,7484
230000,2703762
225000,1109276
225000,1032075
225000,1611592
210000,5000000
200000,25000000
200000,99750000
200000,8000000
200000,6618578
200000,3527522
200000,2430735
200000,2000000
200000,1161843
200000,1165996
200000,439651
200000,236806
200000,212989
200000,174682
200000,162605
200000,140016
200000,346106
200000,44701
200000,52443
200000,7033
200000,6260
200000,3648
200000,1217
160000,32092
150000,15200000
150000,23151277
150000,3270128
150000,110719
150000,7193
150000,5858
140000,26572439
140000,6706368
135000,429448
134000,8000000
120000,3090593
114000,30087064
110000,11000000
103000,16137
100000,41656474
100000,10243159
100000,7097971
100000,5228617
100000,3000000
100000,6121582
100000,2769782
100000,287000
100000,110536
100000,59424
100000,20056
100000,1358
87000,3100000
79000,234286
75000,8799
70000,30312
70000,4930
68000,4678513
68000,33598
66000,4594221
66000,602920
65000,22233808
60000,4917
50000,10426506
50000,2335352
50000,424149
50000,406299
50000,8374
46000,48363
42000,342722
40000,277233
